round,client_id,accuracy,precision,recall,f1_score,auc_roc,num_samples
15,1,1.0,1.0,1.0,1.0,1.0,521
15,2,1.0,1.0,1.0,1.0,1.0,1304
15,3,1.0,1.0,1.0,1.0,1.0,1825
15,4,0.9993614303959132,1.0,0.9991349480968859,0.9995672868887927,1.0,1566
30,1,1.0,1.0,1.0,1.0,1.0,521
30,2,1.0,1.0,1.0,1.0,1.0,1304
30,3,1.0,1.0,1.0,1.0,1.0,1825
30,4,1.0,1.0,1.0,1.0,1.0,1566
